{
  "kind": "StatefulSet",
  "id": "ci",
  "image": "liferaycloud/jenkins:2.303.2-4.2.5",
  "deploy": false,
  "memory": 8192,
  "cpu": 4,
  "scale": 1,
  "volumes": {
    "ciData": "/var/jenkins_home"
  },
  "loadBalancer": {
    "targetPort": 8080
  },
  "readinessProbe": {
    "httpGet": {
      "path": "/login",
      "port": 8080
    },
    "initialDelaySeconds": 60,
    "timeoutSeconds": 10,
    "failureThreshold": 12
  },
  "livenessProbe": {
    "httpGet": {
      "path": "/login",
      "port": 8080
    },
    "initialDelaySeconds": 300,
    "timeoutSeconds": 10,
    "failureThreshold": 12
  },
  "env": {
    "JENKINS_ADMIN_USER_NAME": "vil",
    "JENKINS_URL": "https://ci-vil-infra.lfr.cloud",
    "LCP_CI_DEPLOY_TARGET": "dev",
    "LCP_CI_SCM_REPOSITORY_NAME": "lfrgs-vil-flc",
    "LCP_CI_SCM_REPOSITORY_OWNER": "liferay",
	"LCP_CI_SCM_PROVIDER": "github",
	"LCP_CI_SCM_USERNAME": "lfrgs-vil-flc-lxm-sm-integration",
	"LCP_CI_SCM_TOKEN": "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",
	"LCP_CI_DEPLOY_BRANCH": "develop",
	"LCP_CI_USE_DEFAULT_JENKINSFILE": "true"
  },
  "environments": {
    "infra": {
      "deploy": true
    }
  }
}
