{
  "kind": "Deployment",
  "id": "liferay",
  "image": "liferaycloud/liferay-dxp:7.4-4.3.2",
  "memory": 8192,
  "cpu": 8,
  "scale": 1,
  "ports": [
    {
      "port": 8080,
      "external": false
    }
  ],
  "readinessProbe": {
    "httpGet": {
      "path": "/c/portal/layout",
      "port": 8080
    },
    "initialDelaySeconds": 120,
    "periodSeconds": 15,
    "timeoutSeconds": 5,
    "failureThreshold": 3,
    "successThreshold": 1
  },
  "livenessProbe": {
    "httpGet": {
      "path": "/c/portal/layout",
      "port": 8080
    },
    "initialDelaySeconds": 480,
    "periodSeconds": 60,
    "timeoutSeconds": 5,
    "failureThreshold": 3,
    "successThreshold": 1
  },
  "publishNotReadyAddressesForCluster": false,
  "env": {
    "LCP_PROJECT_LIFERAY_CLUSTER_ENABLED": "true"
  },
  "dependencies": [
    "database",
    "search"
  ],
  "environments": {
    "infra": {
      "deploy": false
    },
	"dev": {
      "cpu": 8,
      "memory": 8192,
      "scale": 1,
      "env": {
        "LIFERAY_JVM_OPTS": "-Xms2048m -Xmx6144m"
      }
    },
    "prd": {
      "cpu": 12,
      "memory": 16384,
      "scale": 1,
      "env": {
        "LIFERAY_JVM_OPTS": "-Xms4096m -Xmx12288m"
      }
    }
  }
}
