<?xml version="1.0"?>
<!DOCTYPE look-and-feel PUBLIC "-//Liferay//DTD Look and Feel 7.4.0//EN" "http://www.liferay.com/dtd/liferay-look-and-feel_7_4_0.dtd">

<look-and-feel>
	<compatibility>
		<version>7.0.0+</version>
		<version>7.1.0+</version>
		<version>7.2.0+</version>
		<version>7.3.0+</version>
		<version>7.4.0+</version>
	</compatibility>
	<theme id="vi-theme" name="vi-theme">
		<template-extension>ftl</template-extension>
		<settings>
			<setting configurable="true" key="show-header" type="checkbox" value="false"/>
		</settings>
		<portlet-decorator id="barebone" name="Barebone">
			<portlet-decorator-css-class>portlet-barebone</portlet-decorator-css-class>
		</portlet-decorator>
		<portlet-decorator id="borderless" name="Borderless">
			<portlet-decorator-css-class>portlet-borderless</portlet-decorator-css-class>
		</portlet-decorator>
		<portlet-decorator id="decorate" name="Decorate">
			<default-portlet-decorator>true</default-portlet-decorator>
			<portlet-decorator-css-class>portlet-decorate</portlet-decorator-css-class>
		</portlet-decorator>
	</theme>
</look-and-feel>
