<?xml version="1.0"?>
<!DOCTYPE service-builder PUBLIC "-//Liferay//DTD Service Builder 7.4.0//EN" "http://www.liferay.com/dtd/liferay-service-builder_7_4_0.dtd">

<service-builder dependency-injector="ds" package-path="com.vil.ecom.db">
	<namespace>LR</namespace>
	<!--<entity data-source="sampleDataSource" local-service="true" name="Foo" remote-service="false" session-factory="sampleSessionFactory" table="foo" tx-manager="sampleTransactionManager uuid="true"">-->
	<entity name="EcomCrcleMstr" local-service="true"
		remote-service="true" table="ecom_crcle_mstr">

		<!-- PK fields -->
		<column name="id" primary="true" type="long"></column>

		<!-- Audit fields -->
		<column name="circle_id" type="String"></column>
		<column name="circle_cde" type="String"></column>
		<column name="circle_nme" type="String"></column>
		<column name="eai_circle_id" type="String"></column>
		<column name="upss_circle_id" type="String"></column>
		<column name="msdp_circle_cde" type="String"></column>
		<column name="msdp_circle_nme" type="String"></column>
		<column name="msdp_content_provider" type="String"></column>
		<column name="crtd_by" type="String"></column>
		<column name="crtn_on" type="Date"></column>

		<finder name="UpssCircleId" return-type="EcomCrcleMstr">
			<finder-column name="upss_circle_id"></finder-column>
		</finder>

		<finder name="EaiCircleId" return-type="EcomCrcleMstr">
			<finder-column name="eai_circle_id"></finder-column>
		</finder>

		<finder name="circleCde" return-type="EcomCrcleMstr">
			<finder-column name="circle_cde"></finder-column>
		</finder>

		<finder name="CircleId" return-type="EcomCrcleMstr">
			<finder-column name="circle_id"></finder-column>
		</finder>

		<finder name="CircleNme" return-type="EcomCrcleMstr">
			<finder-column name="circle_nme"></finder-column>
		</finder>

		<!-- References -->
		<reference entity="AssetEntry" package-path="com.liferay.portlet.asset" />
		<reference entity="AssetTag" package-path="com.liferay.portlet.asset" />
	</entity>
	
	<entity name="EcomSrvcConfigCnstnts" local-service="true"
		remote-service="true" table="ecom_srvc_config_cnstnts">

		<!-- PK fields -->
		<column name="id" primary="true" type="long"></column>

		<!-- Audit fields -->
		<column name="srvc_type" type="String"></column>
		<column name="srvc_key" type="String"></column>
		<column name="value" type="String"></column>
		<column name="description" type="String"></column>
		<column name="crtn_on" type="Date"></column>

		<finder name="SrvcType" return-type="Collection">
			<finder-column name="srvc_type"></finder-column>
		</finder>

		<finder name="Key" return-type="Collection">
			<finder-column name="srvc_key"></finder-column>
		</finder>

		<!-- References -->
		<reference entity="AssetEntry" package-path="com.liferay.portlet.asset" />
		<reference entity="AssetTag" package-path="com.liferay.portlet.asset" />
	</entity>
	
	<entity name="EcomMrchntSrvcApiRestReqResp" local-service="true"
		remote-service="true" table="ecom_srvc_api_req_resp" cache-enabled="false">

		<!-- PK fields -->
		<column name="id" primary="true" type="long"></column>

		<!-- Audit fields -->
		<column name="service_nme" type="String"></column>
		<column name="msisdn" type="String"></column>
		<column name="amt" type="String"></column>
		<column name="stts" type="String"></column>
		<column name="error_code" type="String"></column>
		<column name="error_msg" type="String"></column>
		<column name="user_id" type="String"></column>
		<column name="chnnl_id" type="String"></column>
		<column name="req_id" type="String"></column>
		<column name="ip_addr" type="String"></column>
		<column name="rqst_type" type="String"></column>
		<column name="srce_systm" type="String"></column>
		
		<column name="rest_req1" type="String"></column>
		<column name="rest_req2" type="String"></column>
		<column name="rest_req3" type="String"></column>
		<column name="rest_req4" type="String"></column>
		
		<column name="rest_resp1" type="String"></column>
		<column name="rest_resp2" type="String"></column>
		<column name="rest_resp3" type="String"></column>
		<column name="rest_resp4" type="String"></column>
		
		<column name="filler1" type="String"></column>
		<column name="filler2" type="String"></column>
		<column name="filler3" type="String"></column>
		<column name="filler4" type="String"></column>
		<column name="filler5" type="String"></column>
		<column name="filler6" type="String"></column>
		
		<column name="req_timestamp" type="Date"></column>
		<column name="resp_timestamp" type="Date"></column>
       
        <order by="desc">
            <order-column order-by="desc" name="req_timestamp"></order-column>
        </order>

		<finder name="ReqTimeStamp" return-type="Collection">
			<finder-column name="req_timestamp"></finder-column>
		</finder>

		<!-- References -->
		<reference entity="AssetEntry" package-path="com.liferay.portlet.asset" />
		<reference entity="AssetTag" package-path="com.liferay.portlet.asset" />
	</entity>
	
	<entity name="EcomSmsDataMstr" local-service="true"
		remote-service="true" table="ecom_sms_data_mstr">

		<!-- PK fields -->
		<column name="id" primary="true" type="long"></column>

		<!-- Audit fields -->
		<column name="msisdn" type="String"></column>
		<column name="event_nme" type="String"></column>
		<column name="text_desc" type="String"></column>
		<column name="stts" type="String"></column>
		<column name="circle_nme" type="String"></column>
		<column name="sender_id" type="String"></column>
		
		<column name="filler1" type="String"></column>
		<column name="filler2" type="String"></column>
		<column name="filler3" type="String"></column>
		<column name="filler4" type="String"></column>
		<column name="filler5" type="String"></column>
		
		<column name="crtd_by" type="String"></column>
		<column name="crtn_on" type="Date"></column>

		<finder name="Msisdn" return-type="Collection">
			<finder-column name="msisdn"></finder-column>
		</finder>

		<finder name="CrtnOn" return-type="Collection">
			<finder-column name="crtn_on"></finder-column>
		</finder>

		<!-- References -->
		<reference entity="AssetEntry" package-path="com.liferay.portlet.asset" />
		<reference entity="AssetTag" package-path="com.liferay.portlet.asset" />
	</entity>
	
	<entity name="EcomSrvcCmmndMppng" local-service="true"
		remote-service="true" table="ecom_srvc_cmmnd_mppng">

		<!-- PK fields -->
        <column name="id" type="long" primary="true"></column>
        
        <!-- Audit fields -->
        <column name="srvc_key" type="String"></column>
        <column name="srvc_req" type="String"></column>
        <column name="srvc_util_class" type="String"></column>
        <column name="util_signature" type="String"></column>
        <column name="event" type="String"></column>
        
		<column name="filler1" type="String"></column>
		<column name="filler2" type="String"></column>
		<column name="filler3" type="String"></column>
		
		<column name="crtd_on" type="Date"></column>
		
        <finder name="SrvcKey" return-type="Collection">
			<finder-column name="srvc_key"></finder-column>
		</finder>
		
	</entity>
	
</service-builder>