<?xml version="1.0"?>
<!DOCTYPE hibernate-mapping PUBLIC "-//Hibernate/Hibernate Mapping DTD 3.0//EN" "http://www.hibernate.org/dtd/hibernate-mapping-3.0.dtd">

<hibernate-mapping auto-import="false" default-lazy="false">
	<import class="com.vil.ecom.db.model.EcomCrcleMstr" />
	<import class="com.vil.ecom.db.model.EcomMrchntSrvcApiRestReqResp" />
	<import class="com.vil.ecom.db.model.EcomSmsDataMstr" />
	<import class="com.vil.ecom.db.model.EcomSrvcCmmndMppng" />
	<import class="com.vil.ecom.db.model.EcomSrvcConfigCnstnts" />
	<class name="com.vil.ecom.db.model.impl.EcomCrcleMstrImpl" table="ecom_crcle_mstr">
		<id access="com.liferay.portal.dao.orm.hibernate.LiferayPropertyAccessor" column="id_" name="id" type="long">
			<generator class="assigned" />
		</id>
		<property access="com.liferay.portal.dao.orm.hibernate.LiferayPropertyAccessor" name="circle_id" type="com.liferay.portal.dao.orm.hibernate.StringType" />
		<property access="com.liferay.portal.dao.orm.hibernate.LiferayPropertyAccessor" name="circle_cde" type="com.liferay.portal.dao.orm.hibernate.StringType" />
		<property access="com.liferay.portal.dao.orm.hibernate.LiferayPropertyAccessor" name="circle_nme" type="com.liferay.portal.dao.orm.hibernate.StringType" />
		<property access="com.liferay.portal.dao.orm.hibernate.LiferayPropertyAccessor" name="eai_circle_id" type="com.liferay.portal.dao.orm.hibernate.StringType" />
		<property access="com.liferay.portal.dao.orm.hibernate.LiferayPropertyAccessor" name="upss_circle_id" type="com.liferay.portal.dao.orm.hibernate.StringType" />
		<property access="com.liferay.portal.dao.orm.hibernate.LiferayPropertyAccessor" name="msdp_circle_cde" type="com.liferay.portal.dao.orm.hibernate.StringType" />
		<property access="com.liferay.portal.dao.orm.hibernate.LiferayPropertyAccessor" name="msdp_circle_nme" type="com.liferay.portal.dao.orm.hibernate.StringType" />
		<property access="com.liferay.portal.dao.orm.hibernate.LiferayPropertyAccessor" name="msdp_content_provider" type="com.liferay.portal.dao.orm.hibernate.StringType" />
		<property access="com.liferay.portal.dao.orm.hibernate.LiferayPropertyAccessor" name="crtd_by" type="com.liferay.portal.dao.orm.hibernate.StringType" />
		<property access="com.liferay.portal.dao.orm.hibernate.LiferayPropertyAccessor" name="crtn_on" type="org.hibernate.type.TimestampType" />
	</class>
	<class name="com.vil.ecom.db.model.impl.EcomMrchntSrvcApiRestReqRespImpl" table="ecom_srvc_api_req_resp">
		<id access="com.liferay.portal.dao.orm.hibernate.LiferayPropertyAccessor" column="id_" name="id" type="long">
			<generator class="assigned" />
		</id>
		<property access="com.liferay.portal.dao.orm.hibernate.LiferayPropertyAccessor" name="service_nme" type="com.liferay.portal.dao.orm.hibernate.StringType" />
		<property access="com.liferay.portal.dao.orm.hibernate.LiferayPropertyAccessor" name="msisdn" type="com.liferay.portal.dao.orm.hibernate.StringType" />
		<property access="com.liferay.portal.dao.orm.hibernate.LiferayPropertyAccessor" name="amt" type="com.liferay.portal.dao.orm.hibernate.StringType" />
		<property access="com.liferay.portal.dao.orm.hibernate.LiferayPropertyAccessor" name="stts" type="com.liferay.portal.dao.orm.hibernate.StringType" />
		<property access="com.liferay.portal.dao.orm.hibernate.LiferayPropertyAccessor" name="error_code" type="com.liferay.portal.dao.orm.hibernate.StringType" />
		<property access="com.liferay.portal.dao.orm.hibernate.LiferayPropertyAccessor" name="error_msg" type="com.liferay.portal.dao.orm.hibernate.StringType" />
		<property access="com.liferay.portal.dao.orm.hibernate.LiferayPropertyAccessor" name="user_id" type="com.liferay.portal.dao.orm.hibernate.StringType" />
		<property access="com.liferay.portal.dao.orm.hibernate.LiferayPropertyAccessor" name="chnnl_id" type="com.liferay.portal.dao.orm.hibernate.StringType" />
		<property access="com.liferay.portal.dao.orm.hibernate.LiferayPropertyAccessor" name="req_id" type="com.liferay.portal.dao.orm.hibernate.StringType" />
		<property access="com.liferay.portal.dao.orm.hibernate.LiferayPropertyAccessor" name="ip_addr" type="com.liferay.portal.dao.orm.hibernate.StringType" />
		<property access="com.liferay.portal.dao.orm.hibernate.LiferayPropertyAccessor" name="rqst_type" type="com.liferay.portal.dao.orm.hibernate.StringType" />
		<property access="com.liferay.portal.dao.orm.hibernate.LiferayPropertyAccessor" name="srce_systm" type="com.liferay.portal.dao.orm.hibernate.StringType" />
		<property access="com.liferay.portal.dao.orm.hibernate.LiferayPropertyAccessor" name="rest_req1" type="com.liferay.portal.dao.orm.hibernate.StringType" />
		<property access="com.liferay.portal.dao.orm.hibernate.LiferayPropertyAccessor" name="rest_req2" type="com.liferay.portal.dao.orm.hibernate.StringType" />
		<property access="com.liferay.portal.dao.orm.hibernate.LiferayPropertyAccessor" name="rest_req3" type="com.liferay.portal.dao.orm.hibernate.StringType" />
		<property access="com.liferay.portal.dao.orm.hibernate.LiferayPropertyAccessor" name="rest_req4" type="com.liferay.portal.dao.orm.hibernate.StringType" />
		<property access="com.liferay.portal.dao.orm.hibernate.LiferayPropertyAccessor" name="rest_resp1" type="com.liferay.portal.dao.orm.hibernate.StringType" />
		<property access="com.liferay.portal.dao.orm.hibernate.LiferayPropertyAccessor" name="rest_resp2" type="com.liferay.portal.dao.orm.hibernate.StringType" />
		<property access="com.liferay.portal.dao.orm.hibernate.LiferayPropertyAccessor" name="rest_resp3" type="com.liferay.portal.dao.orm.hibernate.StringType" />
		<property access="com.liferay.portal.dao.orm.hibernate.LiferayPropertyAccessor" name="rest_resp4" type="com.liferay.portal.dao.orm.hibernate.StringType" />
		<property access="com.liferay.portal.dao.orm.hibernate.LiferayPropertyAccessor" name="filler1" type="com.liferay.portal.dao.orm.hibernate.StringType" />
		<property access="com.liferay.portal.dao.orm.hibernate.LiferayPropertyAccessor" name="filler2" type="com.liferay.portal.dao.orm.hibernate.StringType" />
		<property access="com.liferay.portal.dao.orm.hibernate.LiferayPropertyAccessor" name="filler3" type="com.liferay.portal.dao.orm.hibernate.StringType" />
		<property access="com.liferay.portal.dao.orm.hibernate.LiferayPropertyAccessor" name="filler4" type="com.liferay.portal.dao.orm.hibernate.StringType" />
		<property access="com.liferay.portal.dao.orm.hibernate.LiferayPropertyAccessor" name="filler5" type="com.liferay.portal.dao.orm.hibernate.StringType" />
		<property access="com.liferay.portal.dao.orm.hibernate.LiferayPropertyAccessor" name="filler6" type="com.liferay.portal.dao.orm.hibernate.StringType" />
		<property access="com.liferay.portal.dao.orm.hibernate.LiferayPropertyAccessor" name="req_timestamp" type="org.hibernate.type.TimestampType" />
		<property access="com.liferay.portal.dao.orm.hibernate.LiferayPropertyAccessor" name="resp_timestamp" type="org.hibernate.type.TimestampType" />
	</class>
	<class name="com.vil.ecom.db.model.impl.EcomSmsDataMstrImpl" table="ecom_sms_data_mstr">
		<id access="com.liferay.portal.dao.orm.hibernate.LiferayPropertyAccessor" column="id_" name="id" type="long">
			<generator class="assigned" />
		</id>
		<property access="com.liferay.portal.dao.orm.hibernate.LiferayPropertyAccessor" name="msisdn" type="com.liferay.portal.dao.orm.hibernate.StringType" />
		<property access="com.liferay.portal.dao.orm.hibernate.LiferayPropertyAccessor" name="event_nme" type="com.liferay.portal.dao.orm.hibernate.StringType" />
		<property access="com.liferay.portal.dao.orm.hibernate.LiferayPropertyAccessor" name="text_desc" type="com.liferay.portal.dao.orm.hibernate.StringType" />
		<property access="com.liferay.portal.dao.orm.hibernate.LiferayPropertyAccessor" name="stts" type="com.liferay.portal.dao.orm.hibernate.StringType" />
		<property access="com.liferay.portal.dao.orm.hibernate.LiferayPropertyAccessor" name="circle_nme" type="com.liferay.portal.dao.orm.hibernate.StringType" />
		<property access="com.liferay.portal.dao.orm.hibernate.LiferayPropertyAccessor" name="sender_id" type="com.liferay.portal.dao.orm.hibernate.StringType" />
		<property access="com.liferay.portal.dao.orm.hibernate.LiferayPropertyAccessor" name="filler1" type="com.liferay.portal.dao.orm.hibernate.StringType" />
		<property access="com.liferay.portal.dao.orm.hibernate.LiferayPropertyAccessor" name="filler2" type="com.liferay.portal.dao.orm.hibernate.StringType" />
		<property access="com.liferay.portal.dao.orm.hibernate.LiferayPropertyAccessor" name="filler3" type="com.liferay.portal.dao.orm.hibernate.StringType" />
		<property access="com.liferay.portal.dao.orm.hibernate.LiferayPropertyAccessor" name="filler4" type="com.liferay.portal.dao.orm.hibernate.StringType" />
		<property access="com.liferay.portal.dao.orm.hibernate.LiferayPropertyAccessor" name="filler5" type="com.liferay.portal.dao.orm.hibernate.StringType" />
		<property access="com.liferay.portal.dao.orm.hibernate.LiferayPropertyAccessor" name="crtd_by" type="com.liferay.portal.dao.orm.hibernate.StringType" />
		<property access="com.liferay.portal.dao.orm.hibernate.LiferayPropertyAccessor" name="crtn_on" type="org.hibernate.type.TimestampType" />
	</class>
	<class name="com.vil.ecom.db.model.impl.EcomSrvcCmmndMppngImpl" table="ecom_srvc_cmmnd_mppng">
		<id access="com.liferay.portal.dao.orm.hibernate.LiferayPropertyAccessor" column="id_" name="id" type="long">
			<generator class="assigned" />
		</id>
		<property access="com.liferay.portal.dao.orm.hibernate.LiferayPropertyAccessor" name="srvc_key" type="com.liferay.portal.dao.orm.hibernate.StringType" />
		<property access="com.liferay.portal.dao.orm.hibernate.LiferayPropertyAccessor" name="srvc_req" type="com.liferay.portal.dao.orm.hibernate.StringType" />
		<property access="com.liferay.portal.dao.orm.hibernate.LiferayPropertyAccessor" name="srvc_util_class" type="com.liferay.portal.dao.orm.hibernate.StringType" />
		<property access="com.liferay.portal.dao.orm.hibernate.LiferayPropertyAccessor" name="util_signature" type="com.liferay.portal.dao.orm.hibernate.StringType" />
		<property access="com.liferay.portal.dao.orm.hibernate.LiferayPropertyAccessor" name="event" type="com.liferay.portal.dao.orm.hibernate.StringType" />
		<property access="com.liferay.portal.dao.orm.hibernate.LiferayPropertyAccessor" name="filler1" type="com.liferay.portal.dao.orm.hibernate.StringType" />
		<property access="com.liferay.portal.dao.orm.hibernate.LiferayPropertyAccessor" name="filler2" type="com.liferay.portal.dao.orm.hibernate.StringType" />
		<property access="com.liferay.portal.dao.orm.hibernate.LiferayPropertyAccessor" name="filler3" type="com.liferay.portal.dao.orm.hibernate.StringType" />
		<property access="com.liferay.portal.dao.orm.hibernate.LiferayPropertyAccessor" name="crtd_on" type="org.hibernate.type.TimestampType" />
	</class>
	<class name="com.vil.ecom.db.model.impl.EcomSrvcConfigCnstntsImpl" table="ecom_srvc_config_cnstnts">
		<id access="com.liferay.portal.dao.orm.hibernate.LiferayPropertyAccessor" column="id_" name="id" type="long">
			<generator class="assigned" />
		</id>
		<property access="com.liferay.portal.dao.orm.hibernate.LiferayPropertyAccessor" name="srvc_type" type="com.liferay.portal.dao.orm.hibernate.StringType" />
		<property access="com.liferay.portal.dao.orm.hibernate.LiferayPropertyAccessor" name="srvc_key" type="com.liferay.portal.dao.orm.hibernate.StringType" />
		<property access="com.liferay.portal.dao.orm.hibernate.LiferayPropertyAccessor" name="value" type="com.liferay.portal.dao.orm.hibernate.StringType" />
		<property access="com.liferay.portal.dao.orm.hibernate.LiferayPropertyAccessor" name="description" type="com.liferay.portal.dao.orm.hibernate.StringType" />
		<property access="com.liferay.portal.dao.orm.hibernate.LiferayPropertyAccessor" name="crtn_on" type="org.hibernate.type.TimestampType" />
	</class>
</hibernate-mapping>