<?xml version="1.0"?>

<model-hints>
	<model name="com.vil.ecom.db.model.EcomCrcleMstr">
		<field name="id" type="long" />
		<field name="circle_id" type="String" />
		<field name="circle_cde" type="String" />
		<field name="circle_nme" type="String" />
		<field name="eai_circle_id" type="String" />
		<field name="upss_circle_id" type="String" />
		<field name="msdp_circle_cde" type="String" />
		<field name="msdp_circle_nme" type="String" />
		<field name="msdp_content_provider" type="String" />
		<field name="crtd_by" type="String" />
		<field name="crtn_on" type="Date" />
	</model>
	<model name="com.vil.ecom.db.model.EcomMrchntSrvcApiRestReqResp">
		<field name="id" type="long" />
		<field name="service_nme" type="String" />
		<field name="msisdn" type="String" />
		<field name="amt" type="String" />
		<field name="stts" type="String" />
		<field name="error_code" type="String" />
		<field name="error_msg" type="String" />
		<field name="user_id" type="String" />
		<field name="chnnl_id" type="String" />
		<field name="req_id" type="String" />
		<field name="ip_addr" type="String" />
		<field name="rqst_type" type="String" />
		<field name="srce_systm" type="String" />
		<field name="rest_req1" type="String" />
		<field name="rest_req2" type="String" />
		<field name="rest_req3" type="String" />
		<field name="rest_req4" type="String" />
		<field name="rest_resp1" type="String" />
		<field name="rest_resp2" type="String" />
		<field name="rest_resp3" type="String" />
		<field name="rest_resp4" type="String" />
		<field name="filler1" type="String" />
		<field name="filler2" type="String" />
		<field name="filler3" type="String" />
		<field name="filler4" type="String" />
		<field name="filler5" type="String" />
		<field name="filler6" type="String" />
		<field name="req_timestamp" type="Date" />
		<field name="resp_timestamp" type="Date" />
	</model>
	<model name="com.vil.ecom.db.model.EcomSmsDataMstr">
		<field name="id" type="long" />
		<field name="msisdn" type="String" />
		<field name="event_nme" type="String" />
		<field name="text_desc" type="String" />
		<field name="stts" type="String" />
		<field name="circle_nme" type="String" />
		<field name="sender_id" type="String" />
		<field name="filler1" type="String" />
		<field name="filler2" type="String" />
		<field name="filler3" type="String" />
		<field name="filler4" type="String" />
		<field name="filler5" type="String" />
		<field name="crtd_by" type="String" />
		<field name="crtn_on" type="Date" />
	</model>
	<model name="com.vil.ecom.db.model.EcomSrvcCmmndMppng">
		<field name="id" type="long" />
		<field name="srvc_key" type="String" />
		<field name="srvc_req" type="String" />
		<field name="srvc_util_class" type="String" />
		<field name="util_signature" type="String" />
		<field name="event" type="String" />
		<field name="filler1" type="String" />
		<field name="filler2" type="String" />
		<field name="filler3" type="String" />
		<field name="crtd_on" type="Date" />
	</model>
	<model name="com.vil.ecom.db.model.EcomSrvcConfigCnstnts">
		<field name="id" type="long" />
		<field name="srvc_type" type="String" />
		<field name="srvc_key" type="String" />
		<field name="value" type="String" />
		<field name="description" type="String" />
		<field name="crtn_on" type="Date" />
	</model>
</model-hints>