<?xml version="1.0"?>
<!DOCTYPE service-builder PUBLIC "-//Liferay//DTD Service Builder 7.4.0//EN" "http://www.liferay.com/dtd/liferay-service-builder_7_4_0.dtd">

<service-builder dependency-injector="ds" package-path="com.vil.auditing">
	<namespace>VIL</namespace>
	<!--<entity data-source="sampleDataSource" local-service="true" name="Foo" remote-service="false" session-factory="sampleSessionFactory" table="foo" tx-manager="sampleTransactionManager uuid="true"">-->
	<entity local-service="true" name="ApiLogging" remote-service="true" uuid="true">

		<!-- PK fields -->

		<column name="apiLoggingId" primary="true" type="long" />

		<!-- Other fields -->

		<column name="ipAddress" type="String" />
		<column name="channelName" type="String" />
		<column name="requestId" type="String" />
		<column name="userID" type="long" />
		<column name="callingTime" type="Date" />
		<column name="responseTime" type="long" />
		<column name="url" type="String" />
		<column name="request" type="String" />
		<column name="responseData" type="String" />
		<column name="response" type="String" />
		<column name="status" type="String" />
		<column name="statusMessage" type="String" />
		
		<!-- Order -->

		<order by="desc">
			<order-column name="callingTime" />
		</order>
		<finder return-type="Collection" name="RequestId">
			<finder-column name="requestId"></finder-column>
		</finder>
		
		<reference entity="AssetEntry" package-path="com.liferay.portlet.asset" />
		<reference entity="AssetTag" package-path="com.liferay.portlet.asset" />
	</entity>
</service-builder>