<?xml version="1.0"?>

<model-hints>
	<model name="com.vil.auditing.model.ApiLogging">
		<field name="uuid" type="String" />
		<field name="apiLoggingId" type="long" />
		<field name="ipAddress" type="String" />
		<field name="channelName" type="String" />
		<field name="requestId" type="String" />
		<field name="userID" type="long" />
		<field name="callingTime" type="Date" />
		<field name="responseTime" type="long" />
		<field name="url" type="String" />
		<field name="request" type="String">
			<hint-collection name="TEXTAREA" />
		</field>
		<field name="responseData" type="String">
			<hint-collection name="TEXTAREA" />
		</field>
		<field name="response" type="String">
			<hint-collection name="TEXTAREA" />
		</field>
		<field name="status" type="String" />
		<field name="statusMessage" type="String" />
	</model>
</model-hints>